{"Standard BKT:": "Standard BKT:0.9058445016004191", "_timestamp": 1698352243.8134713, "_runtime": 18768.04230928421, "_step": 0, "_wandb": {"runtime": 18767}}